2311, 192.168.0.1, fail, 1558430842
44131, 192.168.0.2, fail, 1558430843
4523, 192.168.0.3, fail, 1558430844
13456, 192.168.10.10, success, 1558430845
2311, 192.168.123.1, fail, 1558430842
44131, 192.168.123.2, success, 1558430843
4523, 192.168.452.3, fail, 1558430844
1356, 192.168.346.10, success, 1558430845
2211, 192.168.123.1, fail, 1558430842
44131, 192.168.123.2, success, 1558430843
43423, 192.168.452.3, fail, 1558430844
1556, 192.168.346.10, success, 1558430845
2311, 192.168.0.1, fail, 1558430843
44131, 192.168.0.2, fail, 1558430844
4523, 192.168.0.3, fail, 1558430845
13456, 192.168.10.10, success, 1558430846
2311, 192.168.0.1, fail, 1558430842
44131, 192.168.0.2, fail, 1558430843
4523, 192.168.0.3, fail, 1558430844
13456, 192.168.10.10, success, 1558430845
2311, 192.168.123.1, fail, 1558430842
44131, 192.168.123.2, success, 1558430843
4523, 192.168.452.3, fail, 1558430844
1356, 192.168.346.10, success, 1558430845
2211, 192.168.123.1, fail, 1558430842
44131, 192.168.123.2, success, 1558430843
43423, 192.168.452.3, fail, 1558430844
1556, 192.168.346.10, success, 1558430845
2311, 192.168.0.1, fail, 1558430843
44131, 192.168.0.2, fail, 1558430844
4523, 192.168.0.3, fail, 1558430845
13456, 192.168.10.10, success, 1558430846